code,name
ASE,American Stock Exchange
NYS,New York Stock Exchange
BOS,Boston Stock Exchange
CIN,National Stock Exchange (formerly Cincinnati Stock Exchange)
PSE,NYSE Arca
XPH,Philadelphia Stock Exchange
THM,Third Market Stock
MID,Chicago Stock Exchange
NYQ,Consolidated Issue listed by NYSE
TOR,Toronto Stock Exchange
MON,Montreal Stock Exchange
TSX,TSX Venture Exchange
ALB,Alberta Stock Exchange
AOE,American Options Exchange
NYO,New York Options Exchange
PHO,Philadelphia Options Exchange
PAO,NYSE Arca Options
WCB,Chicago Board Options Exchange
ASQ,Consolidated Issue listed by AMSE
CME,CME:Chicago Mercantile Commodities
IMM,CME:International Monetary Market
IOM,CME:Index and Options Market
CBT,Chicago Board of Trade
ITS,NYSE Alerts
WPG,Winnipeg Commodity Exchange
MGE,Minneapolis Grain Exchange
PBT,Philadelphia Board of Trade
CMX,CEI:Commodities Exchange Centre
CSC,CEI:Coffee Sugar and Cocoa
NYC,CEI:New York Cotton
NYM,CEI:New York Mercantile
FIS,FTSE SINGAPORE
CSO,CEI:Coffee Sugar and Cocoa Options
CEO,CEI:Commodities Exchange Centre Options
SHC,Shanghai Commodity Exchange
NYF,New York Futures Exchange
TFE,Toronto Futures Exchange
MIO,Montreal SE IOM division
NMS,NASDAQ Stock Market Exchange Large Cap (formally known as NASDAQ NATIONAL MARKET SYSTEM)
NCM,Non-Clearing Membership
TOE,Toronto Options Exchange
MOE,Montreal Options Exchange
VAO,Vancouver Options Exchange
NAS,NASDAQ Capital Market (from NASDAQ SmallCap)
MDM,Montreal SE Mercantile Division
SCE,Shanghai Cereals & Oils Exchange
BSQ,Consolidated Issue listed by Boston SE
INS,Instinet ECN
WCQ,Consolidated Issue listed by CBOE
CRC,Chicago Rice and Cotton Exchange
KBT,Kansas City Board of Trade
SOM,Stockholmsborsen - derivatives (was Om Stockholm)
ADS,NASD Alternative Display Facility for Nasdaq Capital Market
ADF,NASD Alternative Display Facility for Nasdaq Large Cap
MIF,Manila International Futures Exchange
JSF,Japan Securities Finance
TCE,Tokyo Commodity Exchange
TFF,Tokyo Financial Futures Exchange
EME,European Mercantile Exchange
HOM,Helsinki Options and Futures Exchange
FOM,Finland Options Market (Suomen Optiomeklait)
FIR,Florence Stock Exchange
ATH,Athens Stock Exchange
SFF,Swiss Options and Financial Futures Exchange
LSE,London Stock Exchange
JNB,Johannesburg Stock Exchange
LIF,LIFFE
TLV,Tel Aviv Stock Exchange
CPH,Copenhagen Stock Exchange
OSL,Oslo Stock Exchange
STO,Stockholmsborsen - cash (was Stockholm Stock Exchange)
CMA,Madrid SE - Chi-X
LUX,Luxembourg Stock Exchange
BRU,Brussels Stock Exchange
PAR,Paris Stock Exchange
MAD,Madrid Stock Exchange
BAR,Barcelona Stock Exchange
AMS,Amsterdam Stock Exchange
EOE,European Options Exchange
ATA,Amsterdam Agricultural Futures Exchange
VIE,Vienna Stock Exchange
DUS,Dusseldorf Stock Exchange
FRA,Frankfurt Stock Exchange
HAM,Hamburg Stock Exchange
MUN,Munich Stock Exchange
ZRH,Zurich Stock Exchange
GVA,Geneva Stock Exchange
BSL,Basel Stock Exchange
MIL,Milan Stock Exchange
CSM,Sibe Mercado Espanola - Chi-X
CML,Milan SE - Chi-X
NZE,New Zealand Stock Exchange
HKG,Stock Exchange of Hong Kong Limited
SIM,Singapore Exchange Derivatives Trading
KLC,Mdex Commodity Market
CCH,Copenhagen SE - Chi-X
CXE,Xetra - Chi-X
CAM,Amsterdam SE - Chi-X
CBS,Brussels SE - Chi-X
LME,London Metals Exchange
CLB,Lisbon SE - Chi-X
LCE,London Commodity Exchange
CPA,Paris SE - Chi-X
CFR,Frankfurt SE - Chi-X
CLO,London SE - Chi-X
SFE,Sydney Futures Exchange
TYO,Tokyo Stock Exchange
NGO,Nagoya Stock Exchange
SAP,Sapporo Stock Exchange
NII,Niigata Stock Exchange
KYO,Kyoto Stock Exchange
HIR,Hiroshima Stock Exchange
FKA,Fukuoku Stock Exchange
OSA,Osaka Stock Exchange
HFE,Hong Kong Futures Exchange Limited
BER,Berlin Stock Exchange
HAN,Hanover Stock Exchange
STU,Stuttgart Stock Exchange
BRE,Bremen Stock Exchange
COK,Osaka Mercantile SE - Chi-X
BRN,Berne Stock Exchange
CSS,Swiss SE - Chi-X
CHE,Helsinki SE - Chi-X
CVX,Virt-X - Chi-X
ROM,Rome Stock Exchange
TRN,Turin Stock Exchange
GOA,Genoa Stock Exchange
NAP,Naples Stock Exchange
PAL,Palermo Stock Exchange
BLO,Bologna Stock Exchange
VCE,Venice Stock Exchange
ISF,Istanbul Stock Exchange (Mutual Funds)
AQC,NASDAQ Limit Order Matching System (NAQCESS)
HEX,Helsinki Exchange
HEL,Finland
EBS,Electronic Broking Services
WSE,Warsaw Stock Exchange
BOR,Bordeaux Stock Exchange
LIL,Lille Stock Exchange
LYO,Lyon Stock Exchange
MRS,Marseilles Stock Exchange
NAY,Nancy Stock Exchange
NAN,Nantes Stock Exchange
JDE,Joint Asian Derivatives Exchange
LAG,Lagos Stock Exchange
ZSE,Zimbabwe Stock Exchange
SHH,Shanghai Stock Exchange
BSE,Bombay Stock Exchange
CAL,Calcutta Stock Exchange
DES,Delhi Stock Exchange
MDS,Madras Stock Exchange
JKT,Indonesia Stock Exchange (formerly Jakarta SE)
KLS,Bursa Malaysia Consolidated Equities and Derivatives (formerly Kuala Lumpur Stock Exchange)
KAR,Karachi Stock Exchange
MAK,Makati Stock Exchange
MNL,Manila Stock Exchange
FTM,Financiele Termijn Markt Amsterdam
SES,Singapore Exchange Securities Trading Ltd
KSC,Korea Exchange - KSE
MAU,Mauritius Stock Exchange
SET,The Stock Exchange of Thailand
BAH,Bahrain Stock Exchange
CAI,Cairo Stock Exchange
AMM,Amman Stock Exchange
KUW,Kuwait Stock Exchange
BUE,Buenos Aires Stock Exchange
RIO,Rio Fixed Income Exchange
SAO,Sao Paolo Stock Exchange
SGO,Santiago Stock Exchange
BOG,Bogota Stock Exchange
MEX,Mexico SE Principal Market
CCS,Caracas Stock Exchange
NFE,New Zealand Futures Exchange
IND,World Indices
FIX,Fixings
LOT,London Over The Counter Market
MAT,Paris Financial Futures Exchange ( MATIF )
TAI,Taiwan Stock Exchange
IPE,ICE Futures
CVI,Vienna SE - Chi-X
CIR,Irish SE - Chi-X
CLU,Luxemburg SE - Chi-X
SOP,Suomen Optioporssi
REU,Reuters
LIS,Lisbon Stock Exchange
OPO,Oporto Stock Exchange
NOM,Norwegian Options Market (Norsk Opsjonmarked)
CLT,Latino / America Market in Spain - Chi-X
RTS,RUSSIAN TRADING SYSTEM (PAUFOR) - RTS
ASX,Australian Stock Exchange - SEATS
IFX,Irish Options and Futures Exchange
PmI,Stockholmsborsen - fixed income (was Penningsmarknads Information AB)
MCE,SIBE - Mercado continuo Espanol
CVA,Valencia SE - Chi-X
TGE,Tokyo Grain Exchange
TSU,Tokyo Sugar Exchange
KRE,Kobe Rubber Exchange
MRV,MEFF Renta Variable
AOM,Australian Options market
BFX,Brussels Futures and Options Exchange
BRT,Brussels SE Forward Market
DTB,Deutsche Terminboerse
MRF,MEFF Renta Fija
CBA,Barcelona SE - Chi-X
GER,Xetra Level 1
MTS,MTS Italy
IST,Istanbul Stock Exchange
MUS,Muscat Stock Exchange
ABJ,Bourse de Valeurs d'Abidjan
NAI,Nairobi Stock Exchange
TUN,Tunis Stock Exchange
FSI,FT-SE International
NIN,NASDAQ International (pending SEC approval)
MCP,Interbolsa - Portuguese Continuous Market
OTB,Osterreichische Termin und Optionenboerse (Austrian FOX)
SIC,Singapore Commodity Exchange
RCT,Source is a Reuter contributor
IGF,Italian Government Forwards
MWQ,Consolidated issue listed by Midwest SE
PSQ,Consolidated issue listed by Pacific SE
PHQ,Consolidated issue listed by Philadelphia SE
JSD,JASDAQ
ECM,American SE Emerging Company Marketplace
OBB,NASD OTC Bulletin Board Market
IFM,SIA Futures Market
MFI,Madrid Fixed Income
SME,Shanghai Metal Exchange
SHZ,Shenzhen Stock Exchange
RSA,South African Quotations
BUD,Budapest Stock Exchange
PHS,Philippine Stock Exchange
MLT,Malta Stock Exchange
COX,OFEX - Chi-X
SZM,Shenzhen Mercantile Exchange
SZF,Shenzhen Futures Exchange
JBT,Japan Bond Trading Co. Ltd.
JPX,Japan Exchange Group Inc
MDC,Maebashi Dried Cocoon Exchange
NTC,Nagoya Textile Exchange
YSE,Yokohama Silk Exchange
OTE,Osaka Textile Exchange
NAK,Nakadachi Securities
CBE,Berlin SE - Chi-X
TOT,Thailand OTC Exchange
AHM,Ahemdebad Stock Exchange
KLF,Kuala Lumpur Options and Financial Futures Exchange
CSE,Colombo Stock Exchange
BEC,Chile Electronic Exchange Santiago
MXI,Mexico SE Intermediate Market
ZHC,China Zhengzhou Commodity Exchange
BJC,Beijing Commodities Exchange
CBU,Budapest SE - Chi-X
GUF,Guangdong United Futures Exchange
BMF,Brazilian Commodties and Futures Exchange
VSE,Ho Chi Minh City Securities Trading Center
SFX,South African Futures Exchange
CMU,Munich SE - Chi-X
DLC,Dalian Commodities Exchange
CSW,China Swap Centres
COO,Oslo SE - Chi-X
NIK,Nihon Keizai Shinbun (Nikkei)
OGE,Osaka Grain Exchange
OSU,Osaka Sugar Exchange
DPG,Deute Public de la Generalitat de Cataluna (Spain)
ISE,Irish Stock Exchange
CAS,Casablanca Stock Exchange
BSM,Botswana Share Market
NSE,Namibian Stock Exchange
CPL,Plus Market Group - Chi-X
CPR,Prague SE - Chi-X
CWS,Warsaw SE - Chi-X
CST,Stockholm SE - Chi-X
CAT,Athens SE - Chi-X
BSW,Beijing Swap Centres
BAT,BATS ECN - RDFD
OML,OMLX:London Securities & Derivatives Exchange
PRA,Prague Stock Exchange
CDN,Canadian over the counter Echange
TMO,Tjumen Moscow Oil Exchange
BSC,Bashkirian Spec.Exchange
RCR,Russian Commodities and Raw Materials
RUS,Russian Stock Exchange
RIM,Russian Intl.Money and Stock Exchange
MCS,Moscow Central Stock Exchange
MOS,Moscow Commodity Exchange
SPS,St.Petersburg Stock Exchange
STP,St.Petersburg Commodity Exchange
SAR,Saratov Stock Exchange
NIZ,Nizhegorodskaya Stock Exchange
NCS,North Caucasian Stock Exchange
SUE,South Urals Stock Exchange
UKR,Ukraine Commodity Exchange
EKA,Ekaterinburg Stock Exchange
SIB,Siberian Stock Exchange
WSS,West Siberian Stock Exchange
VLA,Vladivostok Stock Exchange
ISI,International Sec.Inst.
BCE,Budapest Commodities Exchange
CFE,China Commodity Futures Exchange Inc.of Hainan
SUC,Suzhou Commodities Exchange
CUC,Changchun United Commodity Exchange
CLM,CLIMEX
SYC,Shenyang Commodity Exchange
CUF,Chengdu United Futures Exchange
NET,Beijing National Electronic Trading
MAE,Mercado Abierto Electronico
CYS,Cyprus Stock Exchange
BES,Beirut Secondary Markets
BBF,Brazilian Futures Exchange
LMA,Bolsa Valores de Lima Peru
PP ,Private Placements
MED,Bolsa de Medellin
QTO,Bolsa de Quito
GYQ,Bolsa de Guayaquil
OSE,Occidente SE
MRC,Maracaibo Stock Exchange
BEV,Electronic Stock Exchange of Venezuela
MTV,Bolsa de Montevideo
NFM,NanFang Non-ferrous Metal Exchange
ANT,Antwerp Stock Exchange
BAS,Buenos Aires Mercado de Valores Rueda Continua (OTC)
RCN,Buenos Aires Mercado de Valores (consolidated)
GTQ,Bolsa de Valores de Guatemala
OTC,Over the Counter Markets
TUF,Tianjin United Futures Exchange
NSI,National Stock Exchange of India
OTI,OTC Exchange of India
VAL,Valencia Stock Exchange
tst,Test
CQC,Chongqing Commodities Exchange
BOB,Bratislava Options Exchange
BRA,Bratislava Stock Exchange
BLG,Bulgarian Stock Exchange
BUH,Bucharest Stock Exchange
KAB,Kabu.com Securities Co Ltd
ZAG,Zagreb Stock Exchange
MME,Mdex Non-Equity Financial Market
BIL,Bilbao Stock Exchange
SWX,Swiss Exchange (Elektronische Boersen Schwiez)
FCM,Futuros de Citricos y Mercaderias De Valencia
BDP,Bolsa de Derivados do Porto
FDI,Fondos de Inversion Espanoles
BDC,The Thai Bond Market Association
BDB,Beirut Stock Exchange
LJU,Ljubljana Stock Exchange
MCX,Micex
CCF,Chicago Climate Futures Exchange
WCE,Warsaw Commodity Exchange
LJC,Ljubljana Commodity Exchange
SUB,Indonesia Stock Exchange (formerly Surabaya SE)
BCC,Mercado A Termino de Buenos Aires S.A (formerly Buenos Aires Cereal Market)
LAH,Lahore Stock Exchange
CHT,Chittagong Stock Exchange
F4K,FTSE4Good UK 50 ICW
DSE,Dhaka Stock Exchange
MNP,Monep
LNM,Le Nouveau Marche (EURO NM)
TPT,Tradepoint Exchange
GEM,Growth and Emerging Markets - Chicago Mercantile Exchange
RUO,Russian OTC Exchange
IGE,Istanbul Gold Exchange
KEX,Kansai Commodities Exchange
NGE,Nagoya Grain Exchange
F4S,FTSE4Good US 100 ICW
F4I,FTSE4Good Global 100 ICW
TDC,Toyohashi Dried Cocoon Exchange
IZC,Izmir Commodity Exchange
JSN,FTSE/JSE EOD CORE INDICES CONSTITUENT & TRACKER
EAS,European Association of Securities Dealers Automated Quotations (EASDAQ)
TIR,Tirana Stock Exchange
ELX,Finnish Electricity Exchange
ICX,Iceland Stock Exchange
HKO,Hong Kong Stock Exchange Options
CCX,Central Japan Commodity Exchange
WPE,Winnipeg
AIF,Association de Intermediarios de Activos Financieros
RIX,Riga Stock Exchange
VLX,Vilnius Stock Exchange
TLX,Joint Baltic Markets
SNC,SINAC
GSE,Ghana Stock Exchange
NCE,North Cyprus Exchange
BZA,Bond Exchange of South Africa
KOE,Korea Exchange - KOSDAQ
ASG,Agrarian Stock Exchange of Guatemala
SMA,Rio de Janeiro OTC
DIN,Dubai International Financial Exchange Non-Members Level 1
BFO,Buenos Aires Futures and Options Exchange (Argentina)
MFE,Mexico Futures and Options Exchange
ROS,Rosario Stock Exchange (Argentina)
DIM,Dubai International Financial Exchange Members Level 1
DPP,Direct Participation Program - NASDAQ
AEX,Amsterdam Exchanges
TWO,GreTai Securities Market
NPX,Nordpool Power Exchange
PUX,PULPEX Exchange
SPC,Saint Petersburg Currency Exchange
AVK,AVK Brokerage St Petersburg
NEO,Norwegian Electricity OTC
OME,Osaka Mercantile Exchange
TIM,Taiwan Futures Exchange
IBS,IBIS Interbank information system
DJI,Dow Jones Index
NZI,New Zealand Interest Rate Indices
FMF,French Mutual Funds
LUS,Lusaka Stock Exchange
RSQ,RASDAQ
CT1,Ceto OTC Regulated Market
SSU,Sisinau SE (Moldova)
MSE,Moscow SE
DI2,Dubai International Financial Exchange Members Level 2
DN2,Dubai International Financial Exchange Non-Members Level 2
OTK,Kazakhstan OTC Market
WTB,Warenterminboerse Hannover (Commodity Exchange Hannover/WTB)
STX,STOXX Ltd.
ENM,(EURO NM)
ANM,AMSTERDAM - Nieuwe Markt NMAX (EURO NM)
BNM,BRUSSELS - EURO NM Belgium (EURO NM)
FNM,FRANKFURT - Neuer Markt (EURO NM)
RUX,Russian Exchange
FST,FT-SE Trader
EUX,EUREX
CFF,Cantor Financial Futures Exchange
SAU,Saudi Arabian Stock Exchange
SPF,SPOIF
BFE,Baltic Full Service (was Baltic Stock Exchange)
KAZ,Kazakhstan Stock Exchange
CIE,Channel Islands Stock Exchange
YCE,Yokohama Commodity Exchange
CMM,Commodity & Monetary Exchange of Malaysia
APX,Amsterdam Power Exchange
MDE,Mexican Derivatives Exchange Futures Service
KFE,Korea Exchange - KOFEX
BEL,Belgrade Stock Exchange
RMS,RM System (Czech Republic)
BXS,Brussels Exchanges
BKG,Bank of Greece
MDQ,Malaysian Exch of Securities Dealing (MESDAQ)
EWX,European Warrant Exchange (EUWAX)
DBX,Dubai Financial Market
TNL,Romanian Equities traded but not listed.
ADE,ATHENS DERIVATIVES EXCHANGE
FFE,Fukuoka Futures Exchange
PNK,US 'Other OTC'(Pink Sheets)
MSI,Morgan Stanley Capital International.
LID,Liffe delayed 15min
IBK,Indian Government Benchmarks
DSM,Doha Securities Market
TOS,Tokyo Stock Exchange Trading Network System
WBT,Warsaw Board Of Trade
ISO,International Securities Exchange
UVR,Unidad de Valor Real Constante
BNC,Bank Negara Malaysia
MLS,Malawi Stock Exchange
NAJ,Nasdaq - Japan
LAT,LatinoAmerican Market in Spain
CVE,TSX Venture Exchange (formerly known as Canadian Ventures Exchange)
EMT,EuroMOT
#KR,Korean OTC Bonds
HSI,HSI Services Limited
CAE,Computer Assisted Execution (US)
#PH,Philippines Non-exchange FI update
MPL,Standard & Poor's Micropal SA
ABD,Abu Dhabi Securities Market
ARC,NYSE Arca (for ArcaBook Feed)
ISL,The Island ECN Inc
MNM,Madrid New Market
EEX,European Energy Exchange
LPX,Leipzig Power Exchange
CMF,Canadian Mutual Fund Exchange
PFT,PFTS Securities Trading System
ALG,Algiers Stock Exchange
T0$,Monitor Tokyo Rates
PWX,UK Power Exchange
NQB,NQB US Pink Sheet Quotation
LIP,Lipper
NGM,Nordic Growth Market
MTE,MTS Euro
MTA,MTS Amsterdam
ADX,Australian Derivatives Exchange
NFF,Norwegian Fund Broker Association
CUQ,Consolidated UK Quotes
CEQ,Consolidated European Quotes
TR2,TURQUOISE LEVEL 2 DATA
JK$,Central Bank of Indonesia
GBE,Global Best
SPD,Sao Paulo Stock Exchange Delayed
BIX,Bahamas International Securities Exchange
MT1,MTS Portugal
NXT,Euronext
WMC,WM Co (Specialist Data)
CHX,Swiss Stock Exchange
IMD,eMID Marke (Money Mkt Exch Milan)
ITX,Italian Exchange
JIW,Jiway Ltd
NWX,NewEx
AU$,Australian Money Rates
JFX,Jakarta Futures Exchange
UIT,NASDAQ Unit Trust
VTX,Virt-X
EAX,Australian Energy Data
OFX,OFEX
ENR,ENRON
TH$,Thailand Money Rates
MY$,Malaysian Money Rates
LK$,Sri Lanka Money Rates
EBI,Eurobench Indicies
PH$,Philippines Money Rates
VN$,Vietnam Money Rates
CN$,China Money Rates
GPR,Global Property Research Indices
UEX,Uruguayan electronic Exchange
SFC,Sibiu Monetary - Financial & Commodities Exchange
EQ1,Equiduct Level 1 Data
#KS,Korea Non-Exchange FI Update
JAQ,JASDAQ
COL,Columbia Stock Exchange
KSB,Korea Exchange - Korean SE Bonds
NLX,LIFFE/NASDAQ Single Stock futures
SHF,Shanghai Futures Exchange
PLS,Palestine Securities Exchange
NY2,New York Stock Exchange OpenBook
TW$,Taiwan Money Rates
NBI,New York Board of Trade Indices
#SA,Saudi Arabian Non-Exchange FI update
BSX,Bermuda Stock Exchange
MDX,Bursa Malaysia Derivatives Data
NQE,NASDAQ Europe
AIM,Alternative Stock Exchange
NBT,New York Board of Trade
MTF,MTS France
MTC,MTS Belgium
SPN,SPECTRON
APE,Automated Power Exchange
POX,Polish Power Exchange
RED,RediBook
IBX,iBOXX Ltd
PNX,Powernext
BQT,Bequoted.com
#RO,Romanian Non-Exchange FI Update
ILT,The Island Trading
TXX,TLX Mercato Regolamentato
EMO,EnMO - Energy Futures
ONE,OneChicago Exchange
GS1,German Spot Market Level 1
GS2,German Spot Market Level 2
RSM,Regional German Market
IFE,Island Futures Exchange LLC
EXA,EXAA Energy Exchange Austria
AFE,AMEX Stock Futures
DSS,Dar es Salaam Stock Exchange
NL2,Nasdaq Liffe LLC Level 2
ADC,NASD Alternative Display Facility for NYSE/AMEX Issues
IMQ,US Intermarket Level 2
LCA,American Stock Exchange for Nasdaq Large Cap
LCB,Boston Stock Exchange for Nasdaq Large Cap
LCC,Cincinnati Stock Exchange for Nasdaq Large Cap
LCM,Chicago Stock Exchange for Nasdaq Large Cap
LCN,New York Stock Exchange for Nasdaq Large Cap
LCP,NYSE Arca FOR NASDAQ LARGE CAP
LCW,Chicago Board Options Exchange for Nasdaq Large Cap Equity
LCX,Philadelphia Stock Exchange for Nasdaq Large Cap
NAQ,Nasdaq Stock Exchange Consolidated Capital Market
NMQ,NASDAQ Stock Market Exchange Consolidated Large Cap
SCA,American Stock Exchange for Nasdaq Capital Market
SCB,Boston Stock Exchange for Nasdaq Capital Market
SCC,Cincinnati Stock Exchange for Nasdaq Capital Market
SCM,Chicago Stock Exchange for Nasdaq Capital Market
SCN,New York Stock Exchange for Nasdaq Capital Market
SCP,NYSE Arca FOR NASDAQ SMALL CAP
SCW,Chicago Board Options Exchange for Nasdaq Capital Market
SCX,Philadelphia Stock Exchange for Nasdaq Capital Market
LPR,Lipper Fund Indices
NSD,NASD Bond Trade Dissemmination Service (BTDS) (formerly NASD Trace Feed)
NDV,Nasdaq Depth View
NTV,Nasdaq Total View
NQS,NASD Alternative Quotation Systems
BOX,Boston Options Exchange
OPQ,Options Price Reporting Authority BBO
FBF,Swedish Mutual Fund Association
IBU,International Brunei Exchange
TEJ,Taiwan Economic Journal
HER,Heren Energy
SGE,Shanghai Gold Exchange
NQD,NASDAQ Deutschland
LPC,Lipper Canadian Mutual Funds
EQ2,Equiduct Level 2 Data
POD,NEX Montenegro Exchange
BNL,Banja Luka Exchange
BCS,Belarusian Currency and Stock Exchange
KEC,Korea Electronic Communications Network
NEX,TSX Venture Exchange (Inactive Board)
CVC,TSX Venture Exchange (Capital Pool Company)
CVT,TSX Venture Exchange (Inactive Issue)
CNQ,Canadian Trading and Quotation System Inc.
BRR,Barra
AFT,The Agricultural Futures Exchange of Thailand
CDG,CanDeal - Government Bonds
CBF,CBOE Futures Exchange LLC
EUS,US Futures Exchange
CPX,CanPX
UGS,Uganda Securities Exchange
MCI,Multi Commodity Exchange of India
POS,ITG posit
SEN,Sistema Electronica de Negociaici=n Colombia
RTE,RUSSIAN TRADING SYSTEMS - RTE
ISG,Istanbul Stock Exchange - Treasury
ITE,European Composite
DJW,Dow Jones Wilshire
XEF,Executable Fixed Income
NCX,National Commodity and Derivatives Exchange of India
#IN,India Non-Exchange FI update
PCQ,CONSOLIDATED ISSUE LISTED BY NYSE Arca
NSX,Newcastle Stock Exchange
ISX,Iraq Stock Exchange
TOJ,Asia Composite
DEU,German Composite
JSY,Johannesburg Stock Exchange Interest Rate
CCE,Chicago Climate Exchange
JEP,Japan Electric Power Exchange
EPD,Primary Dealers Market
LFX,Labuan International Financial Exchange
KRX,Korea Exchange
TDE,Turkish Derivatives Exchange Level 1
CBC,Central Bank of China Taiwan
HAS,Hanoi Securities Trading Center
KRB,Korea Interbank Offered Rate
LOP,London Metal Exchange - Plastic
RCU,Source is a Reuters FI Contributor
RCV,Source is a London Broker
FTY,FTSE Xinhua - China
PLU,Plus Markets Group PLC
DIX,Dubai International Financial Exchange
TYP,Tokyo Stock Exchange - DUB purpose only
TKS,Istanbul Stock Exchange Settlement and Custody Bank
RRC,Russian Composite exchange data
TFX,Thailand Futures Exchange Public Company Limited
DGX,Dubai Gold & Commodities Exchange
ISS,International Securities Exchange when trading NYSE Stock
LCI,International Securities Exchange when trading Nasdaq National Market Stocks
SCI,International Securities Exchange when trading Nasdaq Capital Market Stocks
TRF,The Trade Reporting Facility when trading NYSE Stocks
LCL,The Trade Reporting Facility when trading Nasdaq National Market Stocks
SCL,The Trade Reporting Facility when trading Nasdaq Capital Market Stocks
VIX,Nordic Viking Indices - OMX Exchanges
PTX,Pure Trading
NMC,National Multi Commodity Exchange of India Limited
NSM,Nasdaq Stock Exchange Global Select Market
GSX,PHLX when trading Nasdaq Global Select Market
NSQ,Consolidated Issue Listed on Nasdaq Global Select Market
GSN,NYSE when trading Nasdaq Global Select Market
GSA,AMEX when trading Nasdaq Global Select Market
GSB,Boston SE when trading Nasdaq Global Select Market
GSW,CBOE when trading Nasdaq Global Select Market
GSM,Chicago SE when trading Nasdaq Global Select Market
GSC,National SE when trading Nasdaq Global Select Market
GSI,ISE when trading Nasdaq Global Select Market
GSL,NASD TRF when trading Nasdaq Global Select Market
GSP,NYSE Arca when trading Nasdaq Global Select Market
GSD,NASD ADF when trading Nasdaq Global Select Market
CCI,The Clearing Corporation of India Limited
DDT,Delayed Data Timer
ETX,Euro TLX
SAC,South African Contributed Bonds
MKE,Macedonia Stock Exchange
MTT,MTS Israel
MTX,MTS Reference Pricing
SPX,SHANGHAI PETROLEUM EXCHANGE
CDC,CHINA GOVT SECURITIES DEPOSITORY TRUST
MXP,Market Data Express
MBS,Mortgage Backed Securities
MSA,Mortgage Backed Securities Analytics
CFX,China Financial Futures Exchange
CDS,Credit Default Swap
PSM,Professional Securities Market
EMF,Euro MTF
BCI,Bombay Commodity Exchange
NBO,National Board of Trade
TDS,Trade Data Service
XDS,Cross-market Data Service
RMX,Risk Management Exchange (RMX)
ISA,Istanbul Stock Exchange - Trsy A
QMH,SWX Quotematch
PQX,Pink Sheets LLC - OTCQX
ABM,Norwegian Alternative Bond Market
DMX,Dubai Mercantile Exchange
BLP,Belgium Power Exchange
JNX,SBI Japan Next
AXE,NEWCO ELECTRONICS COMMUNICATIONS NETWORK (ECN)
AUX,ASX/ECN Combined Equity RIC
NOX,NASDAQ Options Market LLC
PXE,Prague Energy Exchange
IVN,ICE-NYMEX Spreads
ICS,ICE Spreads
SRJ,Sarajevo Stock Exchange
BDS,BOAT - MIFID Aggregator Feed
UDA,US Department of Agriculture
NFX,NYFIX Euro Millennium
MTR,MTS Austria
MQI,EuroMTS Quasi Government Market
MTG,MTS Germany
MTU,MTS Spain
MTI,MTS Ireland
MTD,MTS Denmark
MTW,MTS Poland
MTL,MTS Finland
MTQ,MTS EuroCredit
MTK,MTS Greece
MTO,NewEuroMTS
CLS,MTS Cedulas
LQN,LiquidNet
MSB,Municipal Securities Rulemaking Board - MSRB
GSU,Guangxi Sugar Exchange
TCM,Triact
BBK,Blockbook
OMG,Omega - Candian ATS
ALP,Alpha - Canadian ATS
CXC,Instinet Chi-X Canada- Canadian ATS
CTR,Cantor CO2E
MAN,MF Global (Man Financial Global )
EVO,Evolution Markets
TUB,Tullett Prebon
NRC,Nuclear Regulatory Commission
CSX,Cayman Islands Stock Exchange
TRA,Tradition Financial Services
GFI,GFI
MGS,Mongolian Stock Exchange
CEI,CMIE
YDS,Cross-market Data Service (alternative)
MCL,Montreal Climate Exchange
TRQ,Turquoise
QXP,Pink OTC Markets Inc - Premier QX
EQD,Equiduct
QXI,Pink OTC Markets Inc - International Premier QX
QXR,Pink OTC Markets Inc - Prime QX
QXE,Pink OTC Markets Inc - International Prime QX
PKC,Pink OTC Markets Inc - (Current Information)
PKL,Pink OTC Markets Inc - (Limited Information)
RTF,RUSSIAN TRADING SYSTEM - RTF
PKN,Pink OTC Markets Inc - (No Information)
SEE,Shanghai Steel Electronic Exchange
GRN,Green Exchange
SWS,SWISSIX
TGX,TRIAXDAQ ICS S.A
FGT,FTSE ET50 ICW
FGE,FTSE4Good Europe ICW
FGG,FTSE4Good Global ICW
FGS,FTSE4Good US ICW
FGC,FTSE ST Constituents R/T (SGX subscribers only)
FTC,STI Constituents R/T (SGX subscribers only)
EIM,EURONEXT MARKET INDICES
EIV,EURONEXT VOLATILITY INDICES
EIS,EURONEXT STRATEGY INDICES
SWI,SWX INDICES
EN1,EURONEXT CASH BBO1
TD3,TURKISH DERIVATIVES EXCHANGE LEVEL 3
FGK,FTSE4Good UK ICW
ELB,ELBIS Polish Power Market
TSA,TSO East EU Power Transmission Auction
PSO,PSE Polish Power Market
OTZ,OTE Czech Power Market
IEU,Intercontinental Exchange Europe
IUS,Intercontinental Exchange US
ICA,Intercontinental Exchange Canada
EXR,EUREX REPO EUR
EXS,EUREX REPO -GERMANY/SWITZERLAND
NQX,NASDAQ OMX EUROPE (NEURO)
BTE,BATS TRADING EUROPE
IDX,Indonesia Stock Exchange
ARG,ARGUS
AXS,AXS MARINE
IMX,IMAREX
MFO,MFAO ( Mercado de Futuros Aceite de Oliva)
NGY,Next Generation Energy
NEE,New Edge Electricity
BGC,BGC Partners
EDX,European Energy Derivatives Exchange
GME,Gestore Mercato Elettrico
FMC,Forward Market Curve
OCN,OCEAN CONNECT